id,model,make,makename
104,"1 Series M Coupe ",6,BMW
42,100,4,Audi
729,1007,44,Peugeot
730,107,44,Peugeot
85,116,6,BMW
1178,116IA,6,BMW
105,"118I M Sport",6,BMW
1177,118IA,6,BMW
106,120I,6,BMW
107,"120I Sports",6,BMW
430,121,34,Mazda
1048,"12C Spider",35,Mclaren
929,1303,60,Volkswagen
108,130I,6,BMW
109,"130IA M Sport Edition",6,BMW
110,135I,6,BMW
111,"135IA Coupe",6,BMW
12,145,2,"Alfa Romeo"
13,146,2,"Alfa Romeo"
14,147,2,"Alfa Romeo"
21,"147 GTA 3.2",2,"Alfa Romeo"
15,155,2,"Alfa Romeo"
16,156,2,"Alfa Romeo"
17,159,2,"Alfa Romeo"
18,164,2,"Alfa Romeo"
19,166,2,"Alfa Romeo"
20,168,2,"Alfa Romeo"
665,180SX,41,Nissan
414,2-Eleven,31,Lotus
1,2.5TL,1,Acura
43,200,4,Audi
776,200,48,Rover
663,200SX,40,"Nismo Division"
666,200SX,41,Nissan
731,206,44,Peugeot
732,207,44,Peugeot
733,208,44,Peugeot
777,216,48,Rover
984,"218i Active Tourer",6,BMW
778,220,48,Rover
983,"220i Coupe",6,BMW
986,"220i Gran Tourer",6,BMW
985,"225i Active Tourer",6,BMW
2,3.2TL,1,Acura
3,3.5RL,1,Acura
86,300,6,BMW
623,3000GT,38,Mitsubishi
734,3008,44,Peugeot
147,300C,10,Chrysler
463,300CE,36,"Mercedes Benz"
464,300SE,36,"Mercedes Benz"
465,300Sl,36,"Mercedes Benz"
667,300ZX,41,Nissan
735,306,44,Peugeot
736,307,44,Peugeot
737,308,44,Peugeot
87,316,6,BMW
113,"318 2 DR",6,BMW
114,"318 4 DR",6,BMW
88,320,6,BMW
115,"320 2 DR",6,BMW
420,3200GT,32,Maserati
116,320D,6,BMW
466,320TE,36,"Mercedes Benz"
1253,323,34,Mazda
117,"323 2 DR / Convertible",6,BMW
118,"323 4 DR",6,BMW
119,"325 2 DR / Convertible",6,BMW
1176,325i,6,BMW
89,328,6,BMW
10,33,2,"Alfa Romeo"
121,"330 2 DR / Convertible",6,BMW
122,"330 4 DR",6,BMW
987,"335i (F30)",6,BMW
989,"335i GT",6,BMW
988,"335i Touring",6,BMW
1179,335iA,6,BMW
193,"348 GTB",15,Ferrari
668,350Z,41,Nissan
194,"355 Spider",15,Ferrari
195,"360 Challenge ST",15,Ferrari
196,"360 Modena",15,Ferrari
197,"360 Spider",15,Ferrari
669,370Z,41,Nissan
141,3CYFN9E3,8,Cadillac
142,3GYFNFEY,8,Cadillac
467,400SE,36,"Mercedes Benz"
738,405,44,Peugeot
739,406,44,Peugeot
740,407,44,Peugeot
779,416,48,Rover
990,420i,6,BMW
991,"420i Convertible",6,BMW
992,"420i Gran Coupe",6,BMW
993,"428i ",6,BMW
994,"428i Convertible",6,BMW
995,"428i Gran Coupe",6,BMW
198,"430 Scuderia",15,Ferrari
996,435i,6,BMW
997,"435i Convertible",6,BMW
998,"435i Gran Coupe",6,BMW
199,456,15,Ferrari
200,456M,15,Ferrari
201,"458 Italia",15,Ferrari
202,"458 Spider",15,Ferrari
953,460,61,Volvo
1223,"488 GTB",15,Ferrari
1224,"488 Spider",15,Ferrari
1142,4C,2,"Alfa Romeo"
222,"500 Lounge 1.4",16,Fiat
741,5008,44,Peugeot
1137,500C,16,Fiat
468,500Cl,36,"Mercedes Benz"
469,500Sl,36,"Mercedes Benz"
90,520,6,BMW
91,523,6,BMW
92,525,6,BMW
1217,525iA,6,BMW
93,528,6,BMW
94,530,6,BMW
95,535,6,BMW
1229,"535 GT",6,BMW
96,540,6,BMW
97,545,6,BMW
203,"550 Barchetta",15,Ferrari
204,"550 Maranello",15,Ferrari
125,550IA,6,BMW
205,"575M Maranello",15,Ferrari
206,"599 GTB Fiorano",15,Ferrari
207,"599 GTO",15,Ferrari
470,600SEL,36,"Mercedes Benz"
742,605,44,Peugeot
743,607,44,Peugeot
208,"612 Scaglietti",15,Ferrari
780,623,48,Rover
1049,625C,35,Mclaren
1050,"625C Spider",35,Mclaren
431,626,34,Mazda
1000,"640i Cabrio",6,BMW
999,"640i Coupe",6,BMW
1001,"640i Gran Coupe",6,BMW
1003,"650i Cabrio",6,BMW
1002,"650i Coupe",6,BMW
1004,"650i Gran Coupe",6,BMW
1051,650S,35,Mclaren
1052,"650S Spider",35,Mclaren
1243,"7 series - bullet proof",6,BMW
98,728,6,BMW
99,730,6,BMW
100,735,6,BMW
101,740,6,BMW
127,745,6,BMW
11,75,2,"Alfa Romeo"
781,75,48,Rover
102,750,6,BMW
128,"750I Sport",6,BMW
103,760,6,BMW
129,8-Series,6,BMW
40,80,4,Audi
744,807,44,Peugeot
954,850,61,Volvo
844,86,58,Toyota
788,"9-3 2DR",49,Saab
789,"9-3 4DR",49,Saab
790,9-5,49,Saab
41,90,4,Audi
786,"900 2DR",49,Saab
787,"900 4DR",49,Saab
785,9000,49,Saab
1257,"9000 Ankor Turbo",49,Saab
747,911,45,Porsche
432,929,34,Mazda
955,940,61,Volvo
956,960,61,Volvo
748,968,45,Porsche
145,A1,9,Chery
44,"A1 1.4 Ambition",4,Audi
45,"A1 2 DR",4,Audi
471,A150,36,"Mercedes Benz"
472,A160,36,"Mercedes Benz"
473,A170,36,"Mercedes Benz"
474,A180,36,"Mercedes Benz"
475,A190,36,"Mercedes Benz"
476,A200,36,"Mercedes Benz"
477,"A250 Sport",36,"Mercedes Benz"
46,A3,4,Audi
47,"A3 1.4",4,Audi
48,"A4 1.8T",4,Audi
49,"A4 2.0",4,Audi
50,"A4 2.4",4,Audi
51,"A4 2.6",4,Audi
52,"A4 2.8",4,Audi
53,"A4 3.0",4,Audi
54,"A4 3.0 Cabriolet",4,Audi
1242,"A4 3.2",4,Audi
478,"A45 AMG",36,"Mercedes Benz"
1202,"A5 Cabriolet",4,Audi
55,"A5 Coupe",4,Audi
1201,"A5 Sportback",4,Audi
56,"A6 1.8T",4,Audi
57,"A6 2.0",4,Audi
58,"A6 2.4",4,Audi
59,"A6 2.7T",4,Audi
60,"A6 2.8",4,Audi
61,"A6 3.0",4,Audi
62,"A6 3.2",4,Audi
63,"A6 4.2",4,Audi
64,A7,4,Audi
65,A8,4,Audi
223,"Abarth 695 Tributo Ferrari / 500",16,Fiat
313,Accent,22,Hyundai
257,"Accord 2.0",19,Honda
258,"Accord 2.2",19,Honda
259,"Accord 2.3",19,Honda
260,"Accord 2.4",19,Honda
261,"Accord 20E/20El",19,Honda
262,"Accord 3.0",19,Honda
1198,"Accord CL1 / CL7 / CL9 / Euro-R",19,Honda
1221,"Accord CM2",19,Honda
1197,"Accord SIR",19,Honda
1258,Actyon,54,Ssangyong
670,AD,41,Nissan
624,Airtrek,38,Mitsubishi
625,"Airtrek Turbo",38,Mitsubishi
264,Airwave,19,Honda
22,"Alfa GT 2.0 JTS SELE",2,"Alfa Romeo"
1214,"All-New Sportage",27,Kia
845,Allex,58,Toyota
846,Allion,58,Toyota
66,Allroad,4,Audi
1067,Alphard,58,Toyota
1065,"Alphard 250",58,Toyota
1066,"Alphard 350",58,Toyota
791,Altea,50,Seat
849,Altezza,58,Toyota
817,Alto,56,Suzuki
930,Amarok,60,Volkswagen
716,Antara,42,Opel
256,Apollo,18,Gumpert
171,Applause,13,Daihatsu
850,Aristo,58,Toyota
74,Arnage,5,Bentley
75,"Arnage R",5,Bentley
76,"Arnage RL",5,Bentley
77,"Arnage T",5,Bentley
1254,Astina,34,Mazda
717,Astra,42,Opel
626,ASX,38,Mitsubishi
314,Atos,22,Hyundai
172,Atrai,13,Daihatsu
851,Auris,58,Toyota
265,Avancter,19,Honda
371,Aventador,28,Lamborghini
78,Azure,5,Bentley
479,B170,36,"Mercedes Benz"
480,B180,36,"Mercedes Benz"
481,B200,36,"Mercedes Benz"
482,B250,36,"Mercedes Benz"
818,Baleno,56,Suzuki
671,Bassara,41,Nissan
852,Bb,58,Toyota
266,Beat,19,Honda
931,Beetle,60,Volkswagen
1072,"Beetle Cabriolet 1.4",60,Volkswagen
1071,"Beetle GT 1.4",60,Volkswagen
1166,Bentayga,5,Bentley
434,"Biante Granz Edition",34,Mazda
803,Bistro,55,Subaru
853,Blade,58,Toyota
673,Bluebird,41,Nissan
932,Bora,60,Volkswagen
749,Boxster,45,Porsche
483,Brabus,36,"Mercedes Benz"
1058,"Brabus Xclusive",52,Smart
224,Brava,16,Fiat
230,Bravo,16,Fiat
23,"Brera 2.2",2,"Alfa Romeo"
24,"Brera 3.2",2,"Alfa Romeo"
854,Brevis,58,Toyota
79,Brooklands,5,Bentley
672,Brougham,41,Nissan
1061,BRZ,55,Subaru
484,C180,36,"Mercedes Benz"
485,"C180 CGI",36,"Mercedes Benz"
486,"C180 Kompressor",36,"Mercedes Benz"
151,C2,11,Citroen
487,C200,36,"Mercedes Benz"
488,"C200 CGI",36,"Mercedes Benz"
489,"C200 Kompressor",36,"Mercedes Benz"
674,C22,41,Nissan
490,C220,36,"Mercedes Benz"
491,C230,36,"Mercedes Benz"
492,"C230 Kompressor",36,"Mercedes Benz"
493,C240,36,"Mercedes Benz"
494,C250,36,"Mercedes Benz"
495,"C250 CGI",36,"Mercedes Benz"
496,C280,36,"Mercedes Benz"
152,C3,11,Citroen
153,"C3 Pluriel",11,Citroen
957,C30,61,Volvo
497,C300,36,"Mercedes Benz"
1031,"C300 AMG",36,"Mercedes Benz"
498,C32,36,"Mercedes Benz"
499,C320,36,"Mercedes Benz"
500,C350,36,"Mercedes Benz"
501,"C350 AMG",36,"Mercedes Benz"
502,"C350 CGI",36,"Mercedes Benz"
503,C36,36,"Mercedes Benz"
154,C4,11,Citroen
155,"C4 Picasso",11,Citroen
504,C43,36,"Mercedes Benz"
156,C5,11,Citroen
505,C55,36,"Mercedes Benz"
157,C6,11,Citroen
506,C63,36,"Mercedes Benz"
958,C70,61,Volvo
798,C8,53,Spyker
67,Cabrio,4,Audi
793,Cabrio,52,Smart
933,Caddy,60,Volkswagen
855,Caldina,58,Toyota
718,Calibra,42,Opel
209,California,15,Ferrari
856,Camry,58,Toyota
1068,"Camry Hybrid",58,Toyota
267,Capa,19,Honda
435,Capella,34,Mazda
819,Cappuccino,56,Suzuki
233,Capri,17,Ford
1106,Captur,46,Renault
934,Caravelle,60,Volkswagen
359,Carens,27,Kia
857,Carina,58,Toyota
360,Carnival,27,Kia
436,Carol,34,Mazda
750,"Carrera GT",45,Porsche
820,"Carry Plus",56,Suzuki
858,Cavalier,58,Toyota
751,Cayenne,45,Porsche
752,Cayman,45,Porsche
935,CC,60,Volkswagen
675,Cedric,41,Nissan
676,Cefiro,41,Nissan
859,Celica,58,Toyota
860,Celsior,58,Toyota
361,Cenrato,27,Kia
861,Century,58,Toyota
927,Cerbera,59,TVR
1174,"CF4 ",19,Honda
161,Chairman,12,Daewoo
799,Chairman,54,Ssangyong
173,Charade,13,Daihatsu
627,Chariot,38,Mitsubishi
862,Chaser,58,Toyota
1124,Cherokee,26,Jeep
928,Chimaera,59,TVR
162,Cielo,12,Daewoo
677,Cima,41,Nissan
268,City,19,Honda
794,City-Coupe,52,Smart
269,"Civic 1.3",19,Honda
270,"Civic 1.4",19,Honda
271,"Civic 1.5",19,Honda
272,"Civic 1.6 / Sir / Type-R",19,Honda
273,"Civic 1.7",19,Honda
274,"Civic 1.8",19,Honda
1244,"Civic 2 Doors",19,Honda
276,"Civic Hybrid",19,Honda
277,"Civic Type-R",19,Honda
507,CL500,36,"Mercedes Benz"
508,"CL500 CGI",36,"Mercedes Benz"
509,CL55,36,"Mercedes Benz"
510,CL600,36,"Mercedes Benz"
511,CL63,36,"Mercedes Benz"
512,CL65,36,"Mercedes Benz"
513,CLA180,36,"Mercedes Benz"
514,CLA200,36,"Mercedes Benz"
515,CLA250,36,"Mercedes Benz"
516,"CLA250 AMG",36,"Mercedes Benz"
517,"CLA45 AMG",36,"Mercedes Benz"
1100,"Clio GT",46,Renault
1101,"Clio RS",46,Renault
518,"CLK230 Kompresso",36,"Mercedes Benz"
519,CLK240,36,"Mercedes Benz"
520,CLK280,36,"Mercedes Benz"
521,CLK320,36,"Mercedes Benz"
522,CLK350,36,"Mercedes Benz"
523,CLK430,36,"Mercedes Benz"
524,CLK500,36,"Mercedes Benz"
525,CLK63,36,"Mercedes Benz"
1030,"CLS 400",36,"Mercedes Benz"
527,CLS350,36,"Mercedes Benz"
528,CLS500,36,"Mercedes Benz"
526,CLS55,36,"Mercedes Benz"
529,CLS63,36,"Mercedes Benz"
628,Colt,38,Mitsubishi
1213,Compass,26,Jeep
278,Concerto,19,Honda
80,Continental,5,Bentley
602,Cooper,37,MINI
604,"Cooper Cabrio",37,MINI
606,"Cooper Clubman",37,MINI
609,"Cooper Countryman",37,MINI
613,"Cooper Coupe",37,MINI
611,"Cooper Paceman",37,MINI
615,"Cooper Roadster",37,MINI
605,"Cooper S Cabrio",37,MINI
607,"Cooper S Clubman",37,MINI
610,"Cooper S Countryman",37,MINI
1205,"Cooper S Countryman ALL4",37,MINI
614,"Cooper S Coupe ",37,MINI
612,"Cooper S Paceman",37,MINI
616,"Cooper S Roadster",37,MINI
1204,"Cooper SD",37,MINI
174,Copen,13,Daihatsu
1064,Corolla,58,Toyota
863,"Corolla Fielder",58,Toyota
864,"Corolla Rumion",58,Toyota
865,"Corolla Runx",58,Toyota
1263,"Corolla Spacio",58,Toyota
1264,"Corolla Verso",58,Toyota
868,Corona,58,Toyota
719,Corsa,42,Opel
225,Coupe,16,Fiat
315,Coupe,22,Hyundai
421,Coupe,32,Maserati
280,CR-V,19,Honda
282,CR-Z,19,Honda
1265,Cressida,58,Toyota
869,Cresta,58,Toyota
150,Crossfire,10,Chrysler
279,Crossroad,19,Honda
870,Crown,58,Toyota
1266,"Crown Royal",58,Toyota
281,CRX,19,Honda
381,CT200H,30,Lexus
143,"CTS 3.6L Luxury",8,Cadillac
678,Cube,41,Nissan
679,"Cube Cubic",41,Nissan
821,"Cultus ",56,Suzuki
175,Cuore,13,Daihatsu
871,Curren,58,Toyota
176,Custom,13,Daihatsu
437,CX5,34,Mazda
438,CX7,34,Mazda
1252,CX9,34,Mazda
29,Cygnet,3,"Aston Martin"
343,Daimler,25,Jaguar
192,"Daimler 4.0 (Super V8)",14,Daimler
30,DB7,3,"Aston Martin"
31,DB9,3,"Aston Martin"
32,DBS,3,"Aston Martin"
375,Defender,29,"Land Rover"
1053,Delica,38,Mitsubishi
439,Demio,34,Mazda
372,Diablo,28,Lamborghini
630,Diamante,38,Mitsubishi
631,Dingo,38,Mitsubishi
632,Dino,38,Mitsubishi
376,Discovery,29,"Land Rover"
1209,"Discovery Sport",29,"Land Rover"
283,Domani,19,Honda
805,Domingo,55,Subaru
1110,"Drophead Coupe",47,"Rolls Royce"
158,Ds3,11,Citroen
159,Ds4,11,Citroen
1017,Ds5,11,Citroen
680,Dualis,41,Nissan
1250,"E Class Cabriolet",36,"Mercedes Benz"
1073,e-Golf,60,Volkswagen
440,E1800,34,Mazda
530,E200,36,"Mercedes Benz"
531,"E200 CGI",36,"Mercedes Benz"
532,"E200 Kompressor",36,"Mercedes Benz"
441,"E2000 Bongo",34,Mazda
533,E220,36,"Mercedes Benz"
442,E2200,34,Mazda
534,E230,36,"Mercedes Benz"
535,E240,36,"Mercedes Benz"
536,"E250 CGI",36,"Mercedes Benz"
443,E2500,34,Mazda
537,E280,36,"Mercedes Benz"
538,E300,36,"Mercedes Benz"
539,E320,36,"Mercedes Benz"
540,E320C,36,"Mercedes Benz"
541,E350,36,"Mercedes Benz"
542,E36,36,"Mercedes Benz"
1042,E400,36,"Mercedes Benz"
543,E430,36,"Mercedes Benz"
544,E500,36,"Mercedes Benz"
545,E55,36,"Mercedes Benz"
546,E63,36,"Mercedes Benz"
872,Echo,58,Toyota
234,Econovan,17,Ford
284,"Edix 1.7X",19,Honda
1024,"Edix 20X",19,Honda
1025,"Edix 24S",19,Honda
316,Elantra,22,Hyundai
1245,Element,19,Honda
681,Elgrand,41,Nissan
415,Elise,31,Lotus
285,Elysion,19,Honda
210,"Enzo Ferrari",15,Ferrari
936,Eos,60,Volkswagen
382,ES250,30,Lexus
383,ES300,30,Lexus
384,ES300H,30,Lexus
385,ES350,30,Lexus
235,Escape,17,Ford
756,Escape,46,Renault
236,Escort,17,Ford
757,Espace,46,Renault
163,Espero,12,Daewoo
416,Esprit,31,Lotus
822,Esteem,56,Suzuki
873,Estima,58,Toyota
874,"Estima Emina",58,Toyota
875,"Estima Lucida",58,Toyota
444,"Eunos 30X",34,Mazda
445,"Eunos 500",34,Mazda
446,"Eunos 800",34,Mazda
417,Europa,31,Lotus
823,Every,56,Suzuki
824,"Every Landy",56,Suzuki
418,Evora,31,Lotus
1170,"Evora 400",31,Lotus
386,EX350,30,Lexus
633,Exceed,38,Mitsubishi
317,Excel,22,Hyundai
806,Exiga,55,Subaru
419,Exige,31,Lotus
237,Explorer,17,Ford
1191,F-Pace,25,Jaguar
344,F-Type,25,Jaguar
211,"F12 Berlinetta",15,Ferrari
1228,F12TDF,15,Ferrari
212,"F355 Berlinetta",15,Ferrari
213,"F355 GTS",15,Ferrari
214,"F355 Spider",15,Ferrari
215,F430,15,Ferrari
216,"F430 Spider",15,Ferrari
217,F50,15,Ferrari
682,Fairlady,41,Nissan
177,Feroza,13,Daihatsu
238,Festiva,17,Ford
218,FF,15,Ferrari
239,Fiesta,17,Ford
240,"Fiesta ST 1.6L Ecoboost",17,Ford
683,Figaro,41,Nissan
1199,First-Ever-CX3,34,Mazda
1247,Fit,19,Honda
758,"Fluence Z.E.",46,Renault
1108,"Fluence Z.E.",46,Renault
1139,"Flying Spur",5,Bentley
241,Focus,17,Ford
1021,"Focus RS",17,Ford
1019,"Focus ST ",17,Ford
1260,"Forester 2.0",55,Subaru
1261,"Forester 2.5XT",55,Subaru
795,Forfour,52,Smart
796,Fortwo,52,Smart
287,Freed,19,Honda
876,Freed,58,Toyota
377,Freelander,29,"Land Rover"
1138,Freemont,16,Fiat
447,Friendee,34,Mazda
634,FTO,38,Mitsubishi
759,Fuego,46,Renault
684,Fuga,41,Nissan
877,Funcargo,58,Toyota
243,Fusion,17,Ford
332,FX37,23,Infiniti
333,FX50S,23,Infiniti
547,G300,36,"Mercedes Benz"
337,G37,23,Infiniti
548,G500,36,"Mercedes Benz"
549,G55,36,"Mercedes Benz"
550,G63,36,"Mercedes Benz"
878,Gaia,58,Toyota
635,Galant,38,Mitsubishi
636,"Galant VR4 / VRM",38,Mitsubishi
244,Galaxy,17,Ford
373,Gallardo,28,Lamborghini
654,Galue,39,Mitsuoka
655,"Galue  I",39,Mitsuoka
656,"Galue  Ii",39,Mitsuoka
657,"Galue Iii",39,Mitsuoka
339,Gemini,24,Isuzu
1136,Genesis,22,Hyundai
318,Getz,22,Hyundai
422,Ghibli,32,Maserati
1111,"Ghibli S",32,Maserati
768,Ghost,47,"Rolls Royce"
178,Gino,13,Daihatsu
1140,"Giulietta 1.4T",2,"Alfa Romeo"
1141,"Giulietta 1.8T QV",2,"Alfa Romeo"
1033,"GL 63",36,"Mercedes Benz"
551,GL450,36,"Mercedes Benz"
552,GL500,36,"Mercedes Benz"
1034,"GLA 200",36,"Mercedes Benz"
1035,"GLA 250",36,"Mercedes Benz"
1036,"GLA 45 ",36,"Mercedes Benz"
1167,"GLC 250",36,"Mercedes Benz"
1168,"GLC 300",36,"Mercedes Benz"
1037,"GLE 400",36,"Mercedes Benz"
1038,"GLE 450",36,"Mercedes Benz"
1039,"GLE 500",36,"Mercedes Benz"
1040,"GLE 63",36,"Mercedes Benz"
685,Gloria,41,Nissan
1273,"Golf 1.4TSI",60,Volkswagen
1274,"Golf 1.6FSI",60,Volkswagen
1275,"Golf 2.0FSI",60,Volkswagen
1279,"Golf 2.3 V5",60,Volkswagen
1280,"Golf 2.8 VR4",60,Volkswagen
1281,"Golf 2.8 VR6",60,Volkswagen
1278,"Golf Convertible / VR6",60,Volkswagen
1277,"Golf GL",60,Volkswagen
1276,"Golf GT",60,Volkswagen
938,"Golf GTI",60,Volkswagen
1282,"Golf Plus 1.6 / 2.0",60,Volkswagen
939,"Golf R32 / R ",60,Volkswagen
1074,"Golf sportsvan",60,Volkswagen
1112,GranCabrio,32,Maserati
1114,"GranCabrio MC",32,Maserati
1113,"GranCabrio Sport",32,Maserati
1194,"Grand C-Max",17,Ford
357,"Grand Cherokee",26,Jeep
1123,"Grand Cherokee SRT8",26,Jeep
825,"Grand Escudo",56,Suzuki
760,"Grand Scenic",46,Renault
826,"Grand Vitara",56,Suzuki
424,Gransport,32,Maserati
1115,GranTurismo,32,Maserati
1118,"GranTurismo MC Stradale",32,Maserati
1116,"GranTurismo S Automatic",32,Maserati
1117,"GranTurismo Sport",32,Maserati
879,Granvia,58,Toyota
387,GS250,30,Lexus
388,GS300,30,Lexus
389,GS350,30,Lexus
390,GS450H,30,Lexus
1195,GT,17,Ford
686,GT-R,41,Nissan
1226,GTC4Lusso,15,Ferrari
1225,"GTC4Lusso T",15,Ferrari
637,GTO,38,Mitsubishi
26,GTV,2,"Alfa Romeo"
319,H1,22,Hyundai
312,H3,21,Hummer
880,Harrier,58,Toyota
881,"Hiace Regius",58,Toyota
179,Hijet,13,Daihatsu
288,Hr-V,19,Honda
391,HS250H,30,Lexus
1122,Huracan,28,Lamborghini
1172,Hustler,56,Suzuki
638,I,38,Mitsubishi
639,"I Miev",38,Mitsubishi
130,i3,6,BMW
320,I30,22,Hyundai
321,I40,22,Hyundai
979,i8,6,BMW
808,Impreza,55,Subaru
687,"Infiniti Q45",41,Nissan
289,Insight,19,Honda
290,"Insipre / Saber",19,Honda
291,Integra,19,Honda
4,Interga,1,Acura
882,Ipsum,58,Toyota
883,IQ,58,Toyota
398,IS-F,30,Lexus
392,"IS200 ",30,Lexus
393,IS250,30,Lexus
394,IS250C,30,Lexus
395,IS300,30,Lexus
396,IS300H,30,Lexus
397,IS350,30,Lexus
884,Isis,58,Toyota
885,IST,58,Toyota
688,J.Ferie,41,Nissan
1022,Jade,19,Honda
1246,Jazz,19,Honda
617,JCW,37,MINI
618,"JCW Cabrio",37,MINI
619,"JCW Countryman",37,MINI
620,"JCW Coupe",37,MINI
621,"JCW Paceman",37,MINI
622,"JCW Roadster",37,MINI
940,"Jetta 1.4",60,Volkswagen
941,"Jetta GT",60,Volkswagen
827,Jimny,56,Suzuki
689,Juke,41,Nissan
245,"Ka 1.3",17,Ford
828,Kei,56,Suzuki
761,Keleos,46,Renault
886,Kluger,58,Toyota
164,Korando,12,Daewoo
800,Korando,54,Ssangyong
246,Kuga,17,Ford
782,KV6,48,Rover
640,L300,38,Mitsubishi
131,L7,6,BMW
219,Laferrari,15,Ferrari
1227,"Laferrari Aperta",15,Ferrari
691,Lafesta,41,Nissan
293,Lagreat,19,Honda
762,Laguna,46,Renault
809,Lancaster,55,Subaru
1056,"Lancer 1.5",38,Mitsubishi
1055,"Lancer 1.8",38,Mitsubishi
1256,"Lancer 2.0",38,Mitsubishi
642,"Lancer Evolution / GSR",38,Mitsubishi
643,"Lancer Ralliart",38,Mitsubishi
1268,"Land Cruiser Cygnus",58,Toyota
1267,"Land Cruiser Prado",58,Toyota
165,Lanos,12,Daewoo
448,Lantis,34,Mazda
829,Lapin,56,Suzuki
692,Largo,41,Nissan
247,Laser,17,Ford
658,Le-Seyde,39,Mitsuoka
693,Leaf,41,Nissan
810,Legacy,55,Subaru
166,Leganza,12,Daewoo
5,Legend,1,Acura
294,Legend,19,Honda
644,Legnum,38,Mitsubishi
1222,Levante,32,Maserati
1175,"Levin AE101/AE111",58,Toyota
1171,Levorg,55,Subaru
690,Liberty,41,Nissan
1248,Life,19,Honda
399,LS350,30,Lexus
400,"LS430 / LS400",30,Lexus
401,LS460,30,Lexus
402,LS600Hl,30,Lexus
971,Lucida,58,Toyota
403,LX450,30,Lexus
404,LX460,30,Lexus
405,LX470,30,Lexus
406,LX570,30,Lexus
134,M-Series,6,BMW
132,"M135IA (F20)",6,BMW
334,M25,23,Infiniti
335,M35H,23,Infiniti
336,M37S,23,Infiniti
753,Macan,45,Porsche
664,March,40,"Nismo Division"
694,March,41,Nissan
231,Marea,16,Fiat
890,"Mark Ii",58,Toyota
891,Markx,58,Toyota
892,"Markx Zio",58,Toyota
180,Materia,13,Daihatsu
167,Matiz,12,Daewoo
322,Matrix,22,Hyundai
695,Maxima,41,Nissan
449,"Mazda 2",34,Mazda
450,"Mazda 3",34,Mazda
451,"Mazda 3S",34,Mazda
452,"Mazda 5",34,Mazda
453,"Mazda 6",34,Mazda
454,"Mazda 8",34,Mazda
6,MDX,1,Acura
1103,"Megane CC",46,Renault
1207,"Megane GT",46,Renault
1104,"Megane RS 265",46,Renault
1206,"Megane RS 275",46,Renault
1105,"Megane RS Sportwagon",46,Renault
1047,"Mercedes-Maybach AMG GT",36,"Mercedes Benz"
1045,"Mercedes-Maybach S500",36,"Mercedes Benz"
1046,"Mercedes-Maybach S600",36,"Mercedes Benz"
720,Meriva,42,Opel
783,Mgf,48,Rover
696,Micra,41,Nissan
455,Millenia,34,Mazda
133,"Mini Cooper",6,BMW
784,"Mini Cooper",48,Rover
645,Mirage,38,Mitsubishi
27,Mito,2,"Alfa Romeo"
1251,ML250,36,"Mercedes Benz"
553,ML300,36,"Mercedes Benz"
554,ML320,36,"Mercedes Benz"
555,ML350,36,"Mercedes Benz"
556,ML430,36,"Mercedes Benz"
557,ML500,36,"Mercedes Benz"
558,ML55,36,"Mercedes Benz"
559,ML63,36,"Mercedes Benz"
296,Mobilio,19,Honda
1240,"Model 3",57,Tesla
1234,"Model S 60",57,Tesla
1235,"Model S 60D",57,Tesla
1236,"Model S 75",57,Tesla
1237,"Model S 75D",57,Tesla
1238,"Model S 90D",57,Tesla
1239,"Model S P100D",57,Tesla
1230,"Model X 60D",57,Tesla
1231,"Model X 75D",57,Tesla
1232,"Model X 90D",57,Tesla
1233,"Model X P90D",57,Tesla
764,Modus,46,Renault
248,Mondeo,17,Ford
362,Morning,27,Kia
181,Move,13,Daihatsu
182,"Move Turbo",13,Daihatsu
462,MP4-12C,35,Mclaren
456,Mpv,34,Mazda
830,MR,56,Suzuki
893,Mr-S,58,Toyota
894,Mr2,58,Toyota
340,Mu,24,Isuzu
81,Mulsanne,5,Bentley
697,Murano,41,Nissan
374,Murcielago,28,Lamborghini
168,Musso,12,Daewoo
801,Musso,54,Ssangyong
1196,Mustang,17,Ford
1200,MX-5,34,Mazda
458,MX-6,34,Mazda
297,"N Box",19,Honda
183,Naked,13,Daihatsu
1215,"New Sorento",27,Kia
895,Noah,58,Toyota
699,Note,41,Nissan
659,Nouera,39,Mitsuoka
7,NSX,1,Acura
298,NSX,19,Honda
698,NSX,41,Nissan
169,Nubria,12,Daewoo
1028,NX200t,30,Lexus
1029,NX300h,30,Lexus
792,Octavia,51,Skoda
299,Odyssey,19,Honda
721,Omega,42,Opel
1203,One,37,MINI
608,"One Countryman",37,MINI
33,One-77,3,"Aston Martin"
363,Optima,27,Kia
1269,Origin,58,Toyota
300,Orthia,19,Honda
811,Outback,55,Subaru
646,Outlander,38,Mitsubishi
647,Pajero,38,Mitsubishi
1057,"Pajero Diessel",38,Mitsubishi
754,Panamera,45,Porsche
232,Panda,16,Fiat
769,"Park Ward",47,"Rolls Royce"
746,Partner,44,Peugeot
1081,"Passat 1.4",60,Volkswagen
1284,"Passat 1.8",60,Volkswagen
1082,"Passat 2.0",60,Volkswagen
1283,"Passat 2.8",60,Volkswagen
1083,"Passat 3.2",60,Volkswagen
1084,"Passat R36",60,Volkswagen
896,Passo,58,Toyota
700,Pathfinder,41,Nissan
1212,Patriot,26,Jeep
1085,"Phaeton 3.6",60,Volkswagen
1086,"Phaeton 4.2",60,Volkswagen
770,Phantom,47,"Rolls Royce"
1109,"Phantom Coupe",47,"Rolls Royce"
364,Picanto,27,Kia
897,Picnic,58,Toyota
898,Platz,58,Toyota
812,Pleo,55,Subaru
944,"Polo 1.4",60,Volkswagen
945,"Polo GTI",60,Volkswagen
899,Porte,58,Toyota
1069,Prado,58,Toyota
701,Prairie,41,Nissan
301,Prelude,19,Honda
459,Premacy,34,Mazda
1270,Premio,58,Toyota
702,Presage,41,Nissan
703,President,41,Nissan
900,Previa,58,Toyota
704,Primera,41,Nissan
901,Prius,58,Toyota
902,"Prius C",58,Toyota
903,"Prius V",58,Toyota
904,Probox,58,Toyota
905,Progres,58,Toyota
148,"Pt Cruiser",10,Chrysler
705,Pulsar,41,Nissan
227,Punto,16,Fiat
976,"Q3 2.0",4,Audi
338,Q45,23,Infiniti
977,"Q5 2.0",4,Audi
978,"Q5 3.2",4,Audi
1126,"Q50 2.0t",23,Infiniti
1127,"Q50S Hybrid",23,Infiniti
1128,"Q60 3.7",23,Infiniti
974,"Q7 3.0",4,Audi
975,"Q7 3.6",4,Audi
70,"Q7 4.2",4,Audi
1129,"Q70 2.5",23,Infiniti
1131,"Q70 Hybrid",23,Infiniti
1132,"Q70L Hybrid",23,Infiniti
1130,"Q70S 3.7",23,Infiniti
706,Qashqai,41,Nissan
426,Quattroporte,32,Maserati
1119,"Quattroporte Elite",32,Maserati
1121,"Quattroporte GTS",32,Maserati
1120,"Quattroporte S Q4",32,Maserati
1133,"QX70 3.7",23,Infiniti
1134,"QX70S 5.0",23,Infiniti
1135,"QX80 5.6",23,Infiniti
82,R,5,Bentley
813,R1,55,Subaru
814,R2,55,Subaru
560,R280,36,"Mercedes Benz"
561,R300,36,"Mercedes Benz"
562,R350,36,"Mercedes Benz"
563,R500,36,"Mercedes Benz"
564,R63,36,"Mercedes Benz"
71,"R8 4.2",4,Audi
906,Ractis,58,Toyota
378,"Range Rover ",29,"Land Rover"
380,"Range Rover Evoque Coupe",29,"Land Rover"
1173,"Range Rover Sport",29,"Land Rover"
1169,Ranger,17,Ford
34,Rapide,3,"Aston Martin"
907,Raum,58,Toyota
908,Rav4,58,Toyota
1026,RC350F,30,Lexus
1027,RCF,30,Lexus
745,RCZ,44,Peugeot
1271,Regius,58,Toyota
1210,Renegade,26,Jeep
802,Rexton,54,Ssangyong
365,Rio,27,Kia
83,RL,5,Bentley
797,Roadster,52,Smart
184,Rocky,13,Daihatsu
323,Rohens,22,Hyundai
1188,"RS Series",4,Audi
407,RS200,30,Lexus
8,RSX,1,Acura
1219,Rumion,58,Toyota
909,Rush,58,Toyota
648,"RVR / Challenger",38,Mitsubishi
460,"RX-7 / RX-8",34,Mazda
408,RX270,30,Lexus
409,"RX330 / RX300",30,Lexus
410,RX350,30,Lexus
411,RX400H,30,Lexus
412,RX450H,30,Lexus
660,Ryoga,39,Mitsuoka
1189,"S Series",4,Audi
251,S-Max,17,Ford
346,S-Type,25,Jaguar
302,S2000,19,Honda
565,S280,36,"Mercedes Benz"
566,S300,36,"Mercedes Benz"
567,S320,36,"Mercedes Benz"
568,S350,36,"Mercedes Benz"
959,S40,61,Volvo
1043,S400,36,"Mercedes Benz"
1044,"S400 Hybrid",36,"Mercedes Benz"
569,S420,36,"Mercedes Benz"
570,S430,36,"Mercedes Benz"
571,S500,36,"Mercedes Benz"
572,S500C,36,"Mercedes Benz"
573,S55,36,"Mercedes Benz"
960,S60,61,Volvo
574,S600,36,"Mercedes Benz"
575,S600C,36,"Mercedes Benz"
576,S63,36,"Mercedes Benz"
577,S65,36,"Mercedes Benz"
961,S70,61,Volvo
962,S80,61,Volvo
963,S90,61,Volvo
765,Safrane,46,Renault
910,Sai,58,Toyota
831,"Samurai JX",56,Suzuki
832,"Samurai TX",56,Suzuki
324,"Santa Fe",22,Hyundai
413,"SC430 / SC400",30,Lexus
766,Scenic,46,Renault
1075,"Scirocco 1.4",60,Volkswagen
1076,"Scirocco 2.0",60,Volkswagen
947,"Scirocco R",60,Volkswagen
249,"Scorpio / Granada",17,Ford
220,"Scuderia Spider ",15,Ferrari
578,SEL500,36,"Mercedes Benz"
722,Senator,42,Opel
366,Sephia,27,Kia
707,Serena,41,Nissan
144,Seville,8,Cadillac
1079,"Sharan 1.4",60,Volkswagen
1080,"Sharan 2.0",60,Volkswagen
367,Shuma,27,Kia
911,Sienta,58,Toyota
250,Sierra,17,Ford
649,Sigma,38,Mitsubishi
771,"Silver Dawn",47,"Rolls Royce"
772,"Silver Seraph",47,"Rolls Royce"
773,"Silver Spirit",47,"Rolls Royce"
774,"Silver Spur",47,"Rolls Royce"
708,Silvia,41,Nissan
912,Simga,58,Toyota
185,Sirion,13,Daihatsu
191,Six,14,Daimler
709,Skyline,41,Nissan
579,SL280,36,"Mercedes Benz"
580,SL320,36,"Mercedes Benz"
581,SL350,36,"Mercedes Benz"
1032,SL400,36,"Mercedes Benz"
582,SL500,36,"Mercedes Benz"
583,SL55,36,"Mercedes Benz"
584,SL600,36,"Mercedes Benz"
585,SL63,36,"Mercedes Benz"
586,SL65,36,"Mercedes Benz"
587,SLK200,36,"Mercedes Benz"
588,"SLK200 Kompresso",36,"Mercedes Benz"
589,SLK230,36,"Mercedes Benz"
590,"SLK230 Kompresso",36,"Mercedes Benz"
591,SLK250,36,"Mercedes Benz"
592,SLK280,36,"Mercedes Benz"
593,SLK300,36,"Mercedes Benz"
594,SLK32,36,"Mercedes Benz"
595,SLK320,36,"Mercedes Benz"
596,SLK350,36,"Mercedes Benz"
597,SLK55,36,"Mercedes Benz"
598,SLS63,36,"Mercedes Benz"
303,SM-X,19,Honda
913,Soarer,58,Toyota
833,Solio,56,Suzuki
325,Sonata,22,Hyundai
368,"Sorento 2.4 / 3.5",27,Kia
369,Soul,27,Kia
345,Sovereign,25,Jaguar
1054,"Space Gear",38,Mitsubishi
650,"Spacewagon / Grandis ",38,Mitsubishi
1070,Spade,58,Toyota
723,"Speedster Turb",42,Opel
28,Spider,2,"Alfa Romeo"
304,Spike,19,Honda
370,Sportage,27,Kia
427,Spyder,32,Maserati
651,Starion,38,Mitsubishi
914,Starlet,58,Toyota
1259,Stavic,54,Ssangyong
305,Stepwagon,19,Honda
186,Storia,13,Daihatsu
306,Stream,19,Honda
1216,"Stream RSZ",19,Honda
307,Succeed,19,Honda
1272,Succeed,58,Toyota
710,Sunny,41,Nissan
1241,Super,2,"Alfa Romeo"
652,"Super Exceed",38,Mitsubishi
221,Superamerica,15,Ferrari
915,Supra,58,Toyota
1249,Supreme,22,Hyundai
834,Swift,56,Suzuki
1220,"Swift Sport",56,Suzuki
724,Swing,42,Opel
835,Sx4,56,Suzuki
170,Tacuma,12,Daewoo
252,Taurus,17,Ford
711,Teana,41,Nissan
253,Telstar,17,Ford
187,Terios,13,Daihatsu
326,Terracan,22,Hyundai
712,Terrano,41,Nissan
327,"TG 3.3",22,Hyundai
308,Thatâ€™S,19,Honda
146,Tiggo,9,Chery
725,Tigra,42,Opel
1077,"Tiguan 1.4",60,Volkswagen
1078,"Tiguan 2.0",60,Volkswagen
713,Tiida,41,Nissan
653,Toppo,38,Mitsubishi
950,Touareg,60,Volkswagen
951,Touran,60,Volkswagen
916,Townace,58,Toyota
328,Trajet,22,Hyundai
254,Transit,17,Ford
815,Tribeca,55,Subaru
461,Tribute,34,Mazda
341,Trooper,24,Isuzu
73,TT,4,Audi
329,"Tucson 2.0 / 2.7",22,Hyundai
1286,Tunland,67,Foton
84,"Turbo R",5,Bentley
1102,"Twingo RS",46,Renault
255,Tx3,17,Ford
228,Ulysse,16,Fiat
229,Uno,16,Fiat
342,V-Cross,24,Isuzu
35,"V12 Vantage",3,"Aston Martin"
599,V230,36,"Mercedes Benz"
1041,V250d,36,"Mercedes Benz"
600,V280,36,"Mercedes Benz"
964,V40,61,Volvo
965,V50,61,Volvo
1089,"V60 R Design",61,Volvo
1087,"V60 T4",61,Volvo
1088,"V60 T5",61,Volvo
967,V70,61,Volvo
36,V8,3,"Aston Martin"
37,"V8 Vantage S",3,"Aston Martin"
1285,V90,61,Volvo
917,Vanguard,58,Toyota
38,Vanquish,3,"Aston Martin"
726,Vectra,42,Opel
767,"Vel Satis",46,Renault
918,Vellfire,58,Toyota
330,Veloster,22,Hyundai
952,Vento,60,Volkswagen
919,Verossa,58,Toyota
140,Veyron,7,Bugatti
1023,Vezel,19,Honda
601,Viano,36,"Mercedes Benz"
661,"Viewt  DX",39,Mitsuoka
9,Vigor,1,Acura
309,Vigor,19,Honda
39,Virage,3,"Aston Martin"
836,Vitara,56,Suzuki
920,Vitz,58,Toyota
1262,Vivio,55,Subaru
188,Vmax,13,Daihatsu
921,Voltz,58,Toyota
922,Voxy,58,Toyota
311,VX,20,HSV
837,"Wagon R+",56,Suzuki
923,Will,58,Toyota
924,Windom,58,Toyota
714,Wingroad,41,Nissan
925,Wish,58,Toyota
838,Works,56,Suzuki
775,Wraith,47,"Rolls Royce"
149,Wrangle,10,Chrysler
358,Wrangler,26,Jeep
1211,"Wrangler Unlimited",26,Jeep
1062,WRX,55,Subaru
1063,"WRX STI",55,Subaru
715,X-Trail,41,Nissan
355,X-Type,25,Jaguar
356,"X-Type 4.2R",25,Jaguar
135,X1,6,BMW
1005,"X3 2.0",6,BMW
1006,"X3 3.0",6,BMW
1007,"X4 2.0",6,BMW
1008,"X4 3.0",6,BMW
1009,"X5 3.0",6,BMW
1010,"X5 3.0 Diesel",6,BMW
1011,"X5 4.4",6,BMW
1012,X5M,6,BMW
1013,"X6 3.0",6,BMW
1014,"X6 3.0 Diesel",6,BMW
1015,"X6 4.4",6,BMW
1016,X6M,6,BMW
839,X90,56,Suzuki
970,X90,61,Volvo
1090,"XC60 T5",61,Volvo
1091,"XC60 T6",61,Volvo
969,XC70,61,Volvo
1208,"XC90 2.0",61,Volvo
1092,"XC90 2.5T",61,Volvo
1093,"XC90 3.0",61,Volvo
1094,"XC90 3.2",61,Volvo
1095,"XC90 4.4",61,Volvo
1190,XE,25,Jaguar
1125,XF,25,Jaguar
331,"Xg25 / Xg30",22,Hyundai
348,"XJ 5.0",25,Jaguar
349,"XJ Series",25,Jaguar
350,XJ6,25,Jaguar
351,XJ8,25,Jaguar
352,XJR,25,Jaguar
353,XJS,25,Jaguar
354,"XK Series",25,Jaguar
840,Xl-7,56,Suzuki
160,"Xsara Picasso",11,Citroen
816,XV,55,Subaru
926,Yaris,58,Toyota
189,"YRV ",13,Daihatsu
190,"YRV (Turbo)",13,Daihatsu
138,Z3,6,BMW
139,Z4,6,BMW
727,Zafira,42,Opel
662,Zero-1,39,Mitsuoka
1107,ZOE,46,Renault
728,Zonda,43,Pagani
